library,graph,vertices,edges,cores,mst_weight,mst_edges,time_ms
spark,delaunay_n20.mtx,1048576,3145686,12,8.11413082E8,1048575,34344.39
spark,delaunay_n20.mtx,1048576,3145686,12,8.11413082E8,1048575,32357.78
spark,delaunay_n20.mtx,1048576,3145686,12,8.11413082E8,1048575,32753.44
spark,delaunay_n20.mtx,1048576,3145686,12,8.11413082E8,1048575,39665.79
spark,delaunay_n20.mtx,1048576,3145686,12,8.11413082E8,1048575,41106.64
