library,graph,vertices,edges,cores,mst_weight,mst_edges,time_ms
spark,soc-lastfm.mtx,1191805,4519330,1,8.61364194E8,1191804,61118.60
spark,soc-lastfm.mtx,1191805,4519330,1,8.61364194E8,1191804,60701.86
spark,soc-lastfm.mtx,1191805,4519330,1,8.61364194E8,1191804,63109.47
spark,soc-lastfm.mtx,1191805,4519330,1,8.61364194E8,1191804,63592.04
spark,soc-lastfm.mtx,1191805,4519330,1,8.61364194E8,1191804,60437.25
