library,graph,vertices,edges,cores,mst_weight,mst_edges,time_ms
spark,soc-flickr.mtx,513969,3190452,12,3.90642284E8,513968,14919.05
spark,soc-flickr.mtx,513969,3190452,12,3.90642284E8,513968,14103.63
spark,soc-flickr.mtx,513969,3190452,12,3.90642284E8,513968,13597.77
spark,soc-flickr.mtx,513969,3190452,12,3.90642284E8,513968,13731.93
spark,soc-flickr.mtx,513969,3190452,12,3.90642284E8,513968,14881.98
