library,graph,vertices,edges,cores,mst_weight,mst_edges,time_ms
spark,soc-lastfm.mtx,1191805,4519330,12,8.61364194E8,1191804,28611.40
spark,soc-lastfm.mtx,1191805,4519330,12,8.61364194E8,1191804,29993.80
spark,soc-lastfm.mtx,1191805,4519330,12,8.61364194E8,1191804,30554.22
spark,soc-lastfm.mtx,1191805,4519330,12,8.61364194E8,1191804,31303.98
spark,soc-lastfm.mtx,1191805,4519330,12,8.61364194E8,1191804,31490.89
