library,graph,vertices,edges,cores,mst_weight,mst_edges,time_ms
spark,road-roadNet-CA.mtx,1957027,2760388,12,-1.424615041E9,1957026,47672.42
spark,road-roadNet-CA.mtx,1957027,2760388,12,-1.424615041E9,1957026,47936.65
spark,road-roadNet-CA.mtx,1957027,2760388,12,-1.424615041E9,1957026,50312.66
spark,road-roadNet-CA.mtx,1957027,2760388,12,-1.424615041E9,1957026,47399.70
spark,road-roadNet-CA.mtx,1957027,2760388,12,-1.424615041E9,1957026,48973.77
