library,graph,vertices,edges,cores,mst_weight,mst_edges,time_ms
spark,delaunay_n21.mtx,2097152,6291408,12,1.621231194E9,2097151,70695.15
spark,delaunay_n21.mtx,2097152,6291408,12,1.621231194E9,2097151,72508.23
spark,delaunay_n21.mtx,2097152,6291408,12,1.621231194E9,2097151,70729.44
spark,delaunay_n21.mtx,2097152,6291408,12,1.621231194E9,2097151,72758.90
spark,delaunay_n21.mtx,2097152,6291408,12,1.621231194E9,2097151,70701.54
