library,graph,vertices,edges,cores,mst_weight,mst_edges,time_ms
spark,delaunay_n20.mtx,1048576,3145686,1,8.11413082E8,1048575,70200.43
spark,delaunay_n20.mtx,1048576,3145686,1,8.11413082E8,1048575,70267.53
spark,delaunay_n20.mtx,1048576,3145686,1,8.11413082E8,1048575,70989.06
spark,delaunay_n20.mtx,1048576,3145686,1,8.11413082E8,1048575,70382.05
spark,delaunay_n20.mtx,1048576,3145686,1,8.11413082E8,1048575,72152.59
