library,graph,vertices,edges,cores,mst_weight,mst_edges,time_ms
spark,soc-flickr-und.mtx,1715255,15555041,12,-1.1523237419E10,1694937,40994.42
spark,soc-flickr-und.mtx,1715255,15555041,12,-1.1523237419E10,1694937,40234.87
spark,soc-flickr-und.mtx,1715255,15555041,12,-1.1523237419E10,1694937,40571.99
spark,soc-flickr-und.mtx,1715255,15555041,12,-1.1523237419E10,1694937,40248.03
spark,soc-flickr-und.mtx,1715255,15555041,12,-1.1523237419E10,1694937,40202.19
