library,graph,vertices,edges,cores,mst_weight,mst_edges,time_ms
spark,delaunay_n17.mtx,131072,393176,12,1.00987109E8,131071,7849.72
spark,delaunay_n17.mtx,131072,393176,12,1.00987109E8,131071,7991.98
spark,delaunay_n17.mtx,131072,393176,12,1.00987109E8,131071,7525.00
spark,delaunay_n17.mtx,131072,393176,12,1.00987109E8,131071,7348.82
spark,delaunay_n17.mtx,131072,393176,12,1.00987109E8,131071,7389.01
