library,graph,vertices,edges,cores,mst_weight,mst_edges,time_ms
spark,delaunay_n19.mtx,524288,1572823,12,4.04219486E8,524287,18592.23
spark,delaunay_n19.mtx,524288,1572823,12,4.04219486E8,524287,17807.79
spark,delaunay_n19.mtx,524288,1572823,12,4.04219486E8,524287,17288.25
spark,delaunay_n19.mtx,524288,1572823,12,4.04219486E8,524287,17951.82
spark,delaunay_n19.mtx,524288,1572823,12,4.04219486E8,524287,18365.31
