library,graph,vertices,edges,cores,mst_weight,mst_edges,time_ms
spark,USA-road-d.COL.mtx,435666,1042400,12,4.33824861E8,435665,15194.01
spark,USA-road-d.COL.mtx,435666,1042400,12,4.33824861E8,435665,14802.31
spark,USA-road-d.COL.mtx,435666,1042400,12,4.33824861E8,435665,14804.35
spark,USA-road-d.COL.mtx,435666,1042400,12,4.33824861E8,435665,14830.47
spark,USA-road-d.COL.mtx,435666,1042400,12,4.33824861E8,435665,14803.79
