library,graph,vertices,edges,cores,mst_weight,mst_edges,time_ms
spark,delaunay_n18.mtx,262144,786396,12,2.02084225E8,262143,12055.33
spark,delaunay_n18.mtx,262144,786396,12,2.02084225E8,262143,11212.42
spark,delaunay_n18.mtx,262144,786396,12,2.02084225E8,262143,11049.47
spark,delaunay_n18.mtx,262144,786396,12,2.02084225E8,262143,11199.51
spark,delaunay_n18.mtx,262144,786396,12,2.02084225E8,262143,11217.26
