library,graph,vertices,edges,cores,mst_weight,mst_edges,time_ms
spark,delaunay_n18.mtx,262144,786396,1,2.02084225E8,262143,14362.21
spark,delaunay_n18.mtx,262144,786396,1,2.02084225E8,262143,14001.29
spark,delaunay_n18.mtx,262144,786396,1,2.02084225E8,262143,14178.78
spark,delaunay_n18.mtx,262144,786396,1,2.02084225E8,262143,13855.10
spark,delaunay_n18.mtx,262144,786396,1,2.02084225E8,262143,14153.62
