library,graph,vertices,edges,cores,mst_weight,mst_edges,time_ms
spark,road-usroads.mtx,129164,165435,12,-1.9945703E7,129108,6825.71
spark,road-usroads.mtx,129164,165435,12,-1.9945703E7,129108,6569.42
spark,road-usroads.mtx,129164,165435,12,-1.9945703E7,129108,6415.56
spark,road-usroads.mtx,129164,165435,12,-1.9945703E7,129108,6522.31
spark,road-usroads.mtx,129164,165435,12,-1.9945703E7,129108,6607.20
