library,graph,vertices,edges,cores,mst_weight,mst_edges,time_ms
spark,ca-citeseer.mtx,227320,814134,12,-1.393899128E9,227319,10262.78
spark,ca-citeseer.mtx,227320,814134,12,-1.393899128E9,227319,10038.24
spark,ca-citeseer.mtx,227320,814134,12,-1.393899128E9,227319,10125.34
spark,ca-citeseer.mtx,227320,814134,12,-1.393899128E9,227319,9827.21
spark,ca-citeseer.mtx,227320,814134,12,-1.393899128E9,227319,9911.00
