library,graph,vertices,edges,cores,mst_weight,mst_edges,time_ms
spla,delaunay_n19.mtx,524288,3145646,1,200751345,524287,2379.058000
spla,delaunay_n19.mtx,524288,3145646,1,200751345,524287,2387.673000
spla,delaunay_n19.mtx,524288,3145646,1,200751345,524287,2394.266000
spla,delaunay_n19.mtx,524288,3145646,1,200751345,524287,2396.763000
spla,delaunay_n19.mtx,524288,3145646,1,200751345,524287,2397.399000
