library,graph,vertices,edges,cores,mst_weight,mst_edges,time_ms
spla,road-roadNet-CA.mtx,1957027,5520776,1,1883352706,1957026,18018.786000
spla,road-roadNet-CA.mtx,1957027,5520776,1,1883352706,1957026,18060.307000
spla,road-roadNet-CA.mtx,1957027,5520776,1,1883352706,1957026,18053.884000
spla,road-roadNet-CA.mtx,1957027,5520776,1,1883352706,1957026,18183.690000
spla,road-roadNet-CA.mtx,1957027,5520776,1,1883352706,1957026,18109.670000
