library,graph,vertices,edges,cores,mst_weight,mst_edges,time_ms
spla,delaunay_n20.mtx,1048576,6291372,1,811413082,1048575,13402.374000
spla,delaunay_n20.mtx,1048576,6291372,1,811413082,1048575,20534.535000
spla,delaunay_n20.mtx,1048576,6291372,1,811413082,1048575,13127.678000
spla,delaunay_n20.mtx,1048576,6291372,1,811413082,1048575,12907.216000
spla,delaunay_n20.mtx,1048576,6291372,1,811413082,1048575,14095.806000
