library,graph,vertices,edges,cores,mst_weight,mst_edges,time_ms
spla,road-belgium-osm.mtx,1441295,3099940,1,1432203278,1441294,5997.219000
spla,road-belgium-osm.mtx,1441295,3099940,1,1432203278,1441294,5931.987000
spla,road-belgium-osm.mtx,1441295,3099940,1,1432203278,1441294,6143.855000
spla,road-belgium-osm.mtx,1441295,3099940,1,1432203278,1441294,6015.359000
spla,road-belgium-osm.mtx,1441295,3099940,1,1432203278,1441294,5934.973000
