library,graph,vertices,edges,cores,mst_weight,mst_edges,time_ms
spla,delaunay_n18.mtx,262144,1572792,1,202084225,262143,3033.010000
spla,delaunay_n18.mtx,262144,1572792,1,202084225,262143,2901.496000
spla,delaunay_n18.mtx,262144,1572792,1,202084225,262143,2903.634000
spla,delaunay_n18.mtx,262144,1572792,1,202084225,262143,2910.324000
spla,delaunay_n18.mtx,262144,1572792,1,202084225,262143,2879.899000
