library,graph,vertices,edges,cores,mst_weight,mst_edges,time_ms
spla,delaunay_n21.mtx,2097152,12582816,1,1621231194,2097151,37201.441000
spla,delaunay_n21.mtx,2097152,12582816,1,1621231194,2097151,40331.316000
spla,delaunay_n21.mtx,2097152,12582816,1,1621231194,2097151,36476.371000
spla,delaunay_n21.mtx,2097152,12582816,1,1621231194,2097151,41626.659000
spla,delaunay_n21.mtx,2097152,12582816,1,1621231194,2097151,41682.151000
