library,graph,vertices,edges,cores,mst_weight,mst_edges,time_ms
spla,delaunay_n20.mtx,1048576,6291372,1,811413082,1048575,12195.156000
spla,delaunay_n20.mtx,1048576,6291372,1,811413082,1048575,12247.384000
spla,delaunay_n20.mtx,1048576,6291372,1,811413082,1048575,12313.468000
spla,delaunay_n20.mtx,1048576,6291372,1,811413082,1048575,12208.482000
spla,delaunay_n20.mtx,1048576,6291372,1,811413082,1048575,12275.120000
