library,graph,vertices,edges,cores,mst_weight,mst_edges,time_ms
spla,USA-road-d.COL.mtx,435666,1042400,1,214843866,435665,1039.780000
spla,USA-road-d.COL.mtx,435666,1042400,1,214843866,435665,1043.097000
spla,USA-road-d.COL.mtx,435666,1042400,1,214843866,435665,1031.303000
spla,USA-road-d.COL.mtx,435666,1042400,1,214843866,435665,1028.622000
spla,USA-road-d.COL.mtx,435666,1042400,1,214843866,435665,1027.737000
