library,graph,vertices,edges,cores,mst_weight,mst_edges,time_ms
spla,soc-flickr.mtx,513969,6380904,1,200426731,513968,3908.174000
spla,soc-flickr.mtx,513969,6380904,1,200426731,513968,3933.772000
spla,soc-flickr.mtx,513969,6380904,1,200426731,513968,3911.962000
spla,soc-flickr.mtx,513969,6380904,1,200426731,513968,3912.636000
spla,soc-flickr.mtx,513969,6380904,1,200426731,513968,3928.155000
