library,graph,vertices,edges,cores,mst_weight,mst_edges,time_ms
spla,delaunay_n17.mtx,131072,786352,1,100987109,131071,1409.992000
spla,delaunay_n17.mtx,131072,786352,1,100987109,131071,1415.913000
spla,delaunay_n17.mtx,131072,786352,1,100987109,131071,1392.151000
spla,delaunay_n17.mtx,131072,786352,1,100987109,131071,1388.334000
spla,delaunay_n17.mtx,131072,786352,1,100987109,131071,1428.616000
