library,graph,vertices,edges,cores,mst_weight,mst_edges,time_ms
spla,delaunay_n18.mtx,262144,1572792,1,202084225,262143,2975.740000
spla,delaunay_n18.mtx,262144,1572792,1,202084225,262143,3093.065000
spla,delaunay_n18.mtx,262144,1572792,1,202084225,262143,2959.570000
spla,delaunay_n18.mtx,262144,1572792,1,202084225,262143,2991.978000
spla,delaunay_n18.mtx,262144,1572792,1,202084225,262143,2975.915000
