library,graph,vertices,edges,cores,mst_weight,mst_edges,time_ms
spla,soc-lastfm.mtx,1191805,9038660,1,861364194,1191804,31439.915000
spla,soc-lastfm.mtx,1191805,9038660,1,861364194,1191804,29464.425000
spla,soc-lastfm.mtx,1191805,9038660,1,861364194,1191804,29680.405000
spla,soc-lastfm.mtx,1191805,9038660,1,861364194,1191804,29541.636000
spla,soc-lastfm.mtx,1191805,9038660,1,861364194,1191804,29655.677000
