library,graph,vertices,edges,cores,mst_weight,mst_edges,time_ms
spla,delaunay_n17.mtx,131072,786352,1,100987109,131071,1423.458000
spla,delaunay_n17.mtx,131072,786352,1,100987109,131071,1431.698000
spla,delaunay_n17.mtx,131072,786352,1,100987109,131071,1420.275000
spla,delaunay_n17.mtx,131072,786352,1,100987109,131071,1409.309000
spla,delaunay_n17.mtx,131072,786352,1,100987109,131071,1433.271000
