library,graph,vertices,edges,cores,mst_weight,mst_edges,time_ms
spla,soc-flickr-und.mtx,1715255,31110082,1,657063550,1694937,15383.455000
spla,soc-flickr-und.mtx,1715255,31110082,1,657063550,1694937,15396.699000
spla,soc-flickr-und.mtx,1715255,31110082,1,657063550,1694937,15373.855000
spla,soc-flickr-und.mtx,1715255,31110082,1,657063550,1694937,15387.241000
spla,soc-flickr-und.mtx,1715255,31110082,1,657063550,1694937,15672.579000
