library,graph,vertices,edges,cores,mst_weight,mst_edges,time_ms
spla,road-usroads.mtx,129164,330870,1,121295965,129108,632.767000
spla,road-usroads.mtx,129164,330870,1,121295965,129108,609.552000
spla,road-usroads.mtx,129164,330870,1,121295965,129108,602.295000
spla,road-usroads.mtx,129164,330870,1,121295965,129108,597.122000
spla,road-usroads.mtx,129164,330870,1,121295965,129108,602.284000
