library,graph,vertices,edges,cores,mst_weight,mst_edges,time_ms
spla,soc-lastfm.mtx,1191805,9038660,1,449141829,1191804,7081.610000
spla,soc-lastfm.mtx,1191805,9038660,1,449141829,1191804,7120.796000
spla,soc-lastfm.mtx,1191805,9038660,1,449141829,1191804,7096.745000
spla,soc-lastfm.mtx,1191805,9038660,1,449141829,1191804,7089.087000
spla,soc-lastfm.mtx,1191805,9038660,1,449141829,1191804,7068.508000
