library,graph,vertices,edges,cores,mst_weight,mst_edges,time_ms
spla,ca-citeseer.mtx,227320,1628268,1,85429576,227319,1027.188000
spla,ca-citeseer.mtx,227320,1628268,1,85429576,227319,1001.740000
spla,ca-citeseer.mtx,227320,1628268,1,85429576,227319,1004.981000
spla,ca-citeseer.mtx,227320,1628268,1,85429576,227319,1005.027000
spla,ca-citeseer.mtx,227320,1628268,1,85429576,227319,1004.959000
