library,graph,vertices,edges,cores,mst_weight,mst_edges,time_ms
spla,USA-road-d.NY.mtx,264346,730100,1,129221813,264345,660.808000
spla,USA-road-d.NY.mtx,264346,730100,1,129221813,264345,650.033000
spla,USA-road-d.NY.mtx,264346,730100,1,129221813,264345,662.777000
spla,USA-road-d.NY.mtx,264346,730100,1,129221813,264345,659.248000
spla,USA-road-d.NY.mtx,264346,730100,1,129221813,264345,651.254000
